Sentence #,Word,Tag
1,ආසියානු,LOCATION
1,ක්‍රිකට්,OTHER
1,ශුර,OTHER
1,ශ්‍රී,OTHER
1,ලංකා,OTHER
1,කණ්ඩායම,OTHER
1,සහ,OTHER
1,සත්කාරක,OTHER
1,ඉන්දීය,LOCATION
1,කණ්ඩායම,OTHER
1,අතර,OTHER
1,20/20,OTHER
1,ක්‍රිකට්,OTHER
1,තරගාවලියේ,OTHER
1,3,OTHER
1,වැනි,OTHER
1,සහ,OTHER
1,අවසන්,OTHER
1,20/20,OTHER
1,ක්‍රිකට්,OTHER
1,තරගය,OTHER
1,ලකුණු,OTHER
1,91කින්,OTHER
1,ජයගනිමින්,OTHER
1,ඉන්දියාව,LOCATION
1,තරගාවලියේ,OTHER
1,ජය,OTHER
1,හිමි,OTHER
1,කර,OTHER
1,ගනු,OTHER
1,ලැබීය.,OTHER
2,රාජ්කොට්,OTHER
2,සෞරාෂ්ට්‍ර,OTHER
2,ක්‍රිකට්,OTHER
2,සංගම්,OTHER
2,ක්‍රීඩාංගණයේදී,OTHER
2,තරගය,OTHER
2,පැවැත්විණි.,OTHER
3,තරගයේ,OTHER
3,කාසියේ,OTHER
3,වාසිය,OTHER
3,දිනූ,OTHER
3,ඉන්දීය,LOCATION
3,කණ්ඩායමේ,OTHER
3,නායක,OTHER
3,හර්දික්,OTHER
3,පාණ්ඩ්‍යා,OTHER
3,පළමුව,OTHER
3,පන්දුවට,OTHER
3,පහරදීමට,OTHER
3,තීරණය,OTHER
3,කළේය.,OTHER
4,ඒ,OTHER
4,අනුව,OTHER
4,ඉන්දීය,LOCATION
4,කණ්ඩායම,OTHER
4,විසින්,OTHER
4,නියමිත,OTHER
4,පන්දුවාර,OTHER
4,20,OTHER
4,අවසානයේ,OTHER
4,කඩුලු,OTHER
4,5ක්,OTHER
4,දැවී,OTHER
4,ශ්‍රී,OTHER
4,ලංකාවට,OTHER
4,ලකණු,OTHER
4,229ක,OTHER
4,දැවැන්ත,OTHER
4,ඉලක්කයක්,OTHER
4,ලබා,OTHER
4,දෙනු,OTHER
4,ලැබීය.,OTHER
5,ඉන්දීය,LOCATION
5,පිතිකරු,OTHER
5,බලකායේ,OTHER
5,දක්ෂ,OTHER
5,පිතිකරුවෙකු,OTHER
5,වන,OTHER
5,සූර්යකුමාර්,OTHER
5,යාදව්,OTHER
5,විශිෂ්ට,OTHER
5,පිති,OTHER
5,හරඹයක,OTHER
5,නිරත,OTHER
5,වූ,OTHER
5,අතර,OTHER
5,පන්දු,OTHER
5,51කින්,OTHER
5,නොදැවී,OTHER
5,ලකුණු,OTHER
5,112ක්,OTHER
5,රැස්කිරීමට,OTHER
5,ඔහු,OTHER
5,සමත්විය.,OTHER
6,සූර්යකුමාර්,OTHER
6,යාද්ව්ගේ,OTHER
6,ප්‍රහාරක,OTHER
6,වේගය,OTHER
6,219.60,OTHER
6,ක්,OTHER
6,ලෙස,OTHER
6,වාර්තා,OTHER
6,විය.,OTHER
7,ශුබ්මන්,OTHER
7,ගිල්,OTHER
7,ද,OTHER
7,පන්දු,OTHER
7,36කින්,OTHER
7,වේගවත්,OTHER
7,ලකණු,OTHER
7,46ක්,OTHER
7,රැස්,OTHER
7,කළේය.,OTHER
8,පිළිතුරු,OTHER
8,ඉනිම,OTHER
8,ක්‍රීඩා,OTHER
8,කළ,OTHER
8,ශ්‍රී,OTHER
8,ලංකා,OTHER
8,කණ්ඩායමේ,OTHER
8,ආරම්භක,OTHER
8,පිතිකරුවන්,OTHER
8,වන,OTHER
8,පැතුම්,OTHER
8,නිශ්ශංක,OTHER
8,සහ,OTHER
8,කුසල්,OTHER
8,මෙන්ඩිස්,OTHER
8,තරගයට,OTHER
8,මනා,OTHER
8,ආරම්භයක්,OTHER
8,ලබා,OTHER
8,දීමට,OTHER
8,උත්සහ,OTHER
8,කළත්,OTHER
8,ඔවුන්ට,OTHER
8,සාර්ථක,OTHER
8,වීම,OTHER
8,ඉන්දීය,LOCATION
8,පන්දු,OTHER
8,යවන්නන්ගේ,OTHER
8,බල,OTHER
8,ඇණියෙන්,OTHER
8,ඉඩක්,OTHER
8,නොවීය.,OTHER
9,ලකුණු,OTHER
9,229,OTHER
9,ක,OTHER
9,ඉලක්කයක්,OTHER
9,හඹා,OTHER
9,ගිය,OTHER
9,ශ්‍රී,OTHER
9,ලංකා,OTHER
9,කණ්ඩායමේ,OTHER
9,කිසිදු,OTHER
9,පිතිකරුවෙකුට,OTHER
9,ලකුණු,OTHER
9,23,OTHER
9,සීමාව,OTHER
9,පසු,OTHER
9,කිරීමට,OTHER
9,ඉන්දීය,LOCATION
9,පන්දු,OTHER
9,යවන්නන්ගෙන්,OTHER
9,ඉඩක්,OTHER
9,නොවීය.,OTHER
10,කුසල්,OTHER
10,මෙන්ඩිස්,OTHER
10,සහ,OTHER
10,නායක,OTHER
10,දසුන්,OTHER
10,ශානක,OTHER
10,ලකුණු,OTHER
10,23,OTHER
10,බැගින්,OTHER
10,රැස්,OTHER
10,කළහ.,OTHER
11,දසුන්ගේ,PERSON
11,එම,OTHER
11,ලකුණු,OTHER
11,23ට,OTHER
11,6,OTHER
11,පහර,OTHER
11,02ක්,OTHER
11,ද,OTHER
11,අයත්විය.,OTHER
12,ඒ,OTHER
12,සමගම,OTHER
12,ඉන්දියාවට,LOCATION
12,එරෙහි,OTHER
12,මෙම,OTHER
12,තරගාවලිය,OTHER
12,තුළ,OTHER
12,ඔහු,OTHER
12,එල්ල,OTHER
12,කළ,OTHER
12,6,OTHER
12,පහර,OTHER
12,සංඛ්‍යාව,OTHER
12,9කි.,OTHER
13,කෙසේවෙතත්,OTHER
13,ශ්‍රී,OTHER
13,ලංකා,OTHER
13,කණ්ඩායමේ,OTHER
13,සියලු,OTHER
13,ක්‍රීඩකයින්,OTHER
13,පන්දුවාර,OTHER
13,16.4ක,OTHER
13,දී,OTHER
13,දැවී,OTHER
13,ගියේ,OTHER
13,ලකුණු,OTHER
13,පුවරුව,OTHER
13,ලකුණු,OTHER
13,137ක්,OTHER
13,ව,OTHER
13,තිබියදීය.,OTHER
14,තරගයේ,OTHER
14,වීරයා,OTHER
14,ලෙස,OTHER
14,සූර්යකුමාර්,OTHER
14,යාදව්,OTHER
14,ද,OTHER
14,තරගාවලියේ,OTHER
14,වීරයා,OTHER
14,ලෙස,OTHER
14,අක්සාර්,OTHER
14,පටෙල්,OTHER
14,ද,OTHER
14,නම්,OTHER
14,කෙරිණි.,OTHER
15,ඉන්දියාවට,LOCATION
15,එරෙහි,OTHER
15,වේගවත්ම,OTHER
15,ප්‍රහාරය,OTHER
15,දසුන්ගෙන්.,OTHER
16,තරගාවලිය,OTHER
16,පිළිබඳ,OTHER
16,අදහස්,OTHER
16,දක්වමින්,OTHER
16,ශ්‍රී,OTHER
16,ලංකා,OTHER
16,නායක,OTHER
16,දසුන්,OTHER
16,ශානක,OTHER
16,කියා,OTHER
16,සිටියේ,OTHER
16,“මෙහෙට,OTHER
16,එන්න,OTHER
16,කලින්,OTHER
16,මම,OTHER
16,ටොප්,OTHER
16,ෆෝම්,OTHER
16,එකේ,OTHER
16,සිටියේ,OTHER
16,නැහැ.,OTHER
16,මම,OTHER
16,ක්‍රීඩා,OTHER
16,කළ,OTHER
16,ආකාරය,OTHER
16,ගැන,OTHER
16,ගොඩක්,OTHER
16,සතුටුයි.,OTHER
16,කණ්ඩායමේ,OTHER
16,ක්‍රීඩකයින්,OTHER
16,තරගාවලියට,OTHER
16,ක්‍රීඩා,OTHER
16,කළ,OTHER
16,ආකාරය,OTHER
16,"බැලුහාම,",OTHER
16,ධනාත්මක,OTHER
16,කරුණු,OTHER
16,රාශියක්,OTHER
16,තිබුණා.,OTHER
16,ක්‍රීඩකයෝ,OTHER
16,ගොඩක්,OTHER
16,දියුණු,OTHER
16,වෙලා.,OTHER
16,ඔවුන්,OTHER
16,හොඳින්,OTHER
16,ක්‍රීඩා,OTHER
16,කරනවා,OTHER
16,දැකීම,OTHER
16,සතුටක්.”,OTHER
17,ඉන්දීය,LOCATION
17,කණ්ඩායමේ,OTHER
17,නායක,OTHER
17,හර්දික්,OTHER
17,පාණ්ඩ්‍යා,OTHER
17,පැවසුවේ,OTHER
17,“මගේ,OTHER
17,ආදර්ශ,OTHER
17,පාඨය,OTHER
17,මගේ,OTHER
17,ක්‍රීඩකයන්ට,OTHER
17,පිටුබලය,OTHER
17,දීමයි.,OTHER
17,මොවුන්,OTHER
17,T20,OTHER
17,තරගවල,OTHER
17,හොඳම,OTHER
17,ක්‍රිකට්,OTHER
17,ක්‍රීඩකයින්.,OTHER
17,ජාත්‍යන්තර,OTHER
17,ක්‍රිකට්වල,OTHER
17,ඒ,OTHER
17,ගැන,OTHER
17,සැක,OTHER
17,කිරීමට,OTHER
17,තැනක්,OTHER
17,නැහැ.,OTHER
17,අපි,OTHER
17,ක්‍රීඩා,OTHER
17,කරපු,OTHER
17,විදිහ,OTHER
17,ගැන,OTHER
17,මම,OTHER
17,ගොඩක්,OTHER
17,සතුටු,OTHER
17,වුණා.,OTHER
17,අපි,OTHER
17,තරග,OTHER
17,කරපු,OTHER
17,විදිහ,OTHER
17,දැක්කම,OTHER
17,හිතට,OTHER
17,සතුටක්,OTHER
17,දැනෙනවා.”,OTHER
18,තරගාවලියේ,OTHER
18,පළමු,OTHER
18,තරගයෙන්,OTHER
18,ඉන්දීය,LOCATION
18,කණ්ඩායම,OTHER
18,ලකුණු,OTHER
18,2ක,OTHER
18,තියුණු,OTHER
18,ජයක්,OTHER
18,ලැබූ,OTHER
18,අතර,OTHER
18,දෙවැනි,OTHER
18,20/20,OTHER
18,තරගයෙන්,OTHER
18,ශ්‍රී,OTHER
18,ලංකාව,OTHER
18,ලකුණු,OTHER
18,16ක,OTHER
18,ජයක්,OTHER
18,ලැබීය.,OTHER
19,ඒ,OTHER
19,අනුව,OTHER
19,ඉන්දීය,LOCATION
19,කණ්ඩායම,OTHER
19,20/20,OTHER
19,තරගාවලිය,OTHER
19,ජයගනු,OTHER
19,ලැබුවේ,OTHER
19,තරග,OTHER
19,2-,OTHER
19,1,OTHER
19,ක්,OTHER
19,ලෙසය.,OTHER
20,සංචාරක,OTHER
20,ශ්‍රී,OTHER
20,ලංකා,OTHER
20,කණ්ඩායම,OTHER
20,සහ,OTHER
20,ඉන්දීය,LOCATION
20,කණ්ඩායම,OTHER
20,අතර,OTHER
20,තරග,OTHER
20,තුනකින්,OTHER
20,සමන්විත,OTHER
20,එක්දින,OTHER
20,තරගාවලියේ,OTHER
20,පළමු,OTHER
20,තරගය,OTHER
20,බර්සපරාහි,OTHER
20,ඇසෑම්,OTHER
20,ක්‍රිකට්,OTHER
20,සංගම්,OTHER
20,ක්‍රීඩාංගනයේ,OTHER
20,දී,OTHER
20,ලබන,OTHER
20,10,OTHER
20,වැනිදා,OTHER
20,පැවැත්වීමට,OTHER
20,නියමිතය.,OTHER
21,සිය,OTHER
21,සොයුරු,OTHER
21,විලියම්,PERSON
21,කුමරු,OTHER
21,තමාට,OTHER
21,පහරදුන්නේයැ,OTHER
21,යි,OTHER
21,හැරී,PERSON
21,කුමරු,OTHER
21,ප්‍රකාශ,OTHER
21,කළබවට,OTHER
21,ගාඩියන්,OTHER
21,පුවත්පත,OTHER
21,වාර්තා,OTHER
21,කොට,OTHER
21,තිබේ.,OTHER
21,ගාඩියන්,OTHER
21,පුවත්පත,OTHER
21,පවසන්නේ,OTHER
21,සසෙක්ස්,LOCATION
21,ආදිපාද,OTHER
21,හැරී,PERSON
21,කුමරුගේ,OTHER
21,මතක,OTHER
21,සටහන්,OTHER
21,අඩංගු,OTHER
21,'ස්පෙයා',OTHER
21,හි,OTHER
21,(Spare),OTHER
21,නම්,OTHER
21,කෘතියේ,OTHER
21,පිටපතක්,OTHER
21,ඔවුන්,OTHER
21,දුටුබව,OTHER
21,යි.,OTHER
22,හැරීගේ,PERSON
22,බිරිඳ,OTHER
22,මෙගන්,PERSON
22,සම්බන්ධයෙන්,OTHER
22,සොහොයුරන්,OTHER
22,දෙදෙනා,OTHER
22,අතර,OTHER
22,ඇතිවූ,OTHER
22,ආරවුලක්,OTHER
22,කෘතියෙහි,OTHER
22,වන,OTHER
22,බව,OTHER
22,එහි,OTHER
22,වැඩි,OTHER
22,දුරටත්,OTHER
22,සඳහන්ය.,OTHER
23,"""ඔහු",OTHER
23,මගේ,OTHER
23,කමිස,OTHER
23,කොලරයෙන්,OTHER
23,"අල්ලගෙන,",OTHER
23,මාගේ,OTHER
23,බෙල්ලේ,OTHER
23,පළඳනාව,OTHER
23,"ඉරලා,",OTHER
23,මම,OTHER
23,බිම,OTHER
23,වැටෙන,OTHER
23,විදියට,OTHER
23,පහර,OTHER
23,දුන්නා,OTHER
23,"""",OTHER
23,"ගාඩියන්,",OTHER
23,හැරී,PERSON
23,කුමරුන්,OTHER
23,උපුටා,OTHER
23,දක්වා,OTHER
23,තිබේ.,OTHER
24,කෙසේ,OTHER
24,වෙතත්,OTHER
24,කෙන්සිංටන්,OTHER
24,මාළිගාව,OTHER
24,හා,OTHER
24,බකිංහැම්,OTHER
24,මාළිගාව,OTHER
24,මේ,OTHER
24,සම්බන්ධයෙන්,OTHER
24,අදහස්,OTHER
24,දැක්වීමෙන්,OTHER
24,වැළකී,OTHER
24,සිටියේය.,OTHER
25,'ඕනෑම,OTHER
25,මතභේදාත්මක,OTHER
25,ප්‍රකාශයකට,OTHER
25,ප්‍රතිචාරයක්,OTHER
25,නොදැක්වූ,OTHER
25,විට,OTHER
25,එය,OTHER
25,වේගයෙන්,OTHER
25,අතුරුදන්,OTHER
25,වනු,OTHER
25,ඇතැයි',OTHER
25,යන,OTHER
25,උපායමාර්ගය,OTHER
25,වත්මන්,OTHER
25,වේල්ස්හි,LOCATION
25,කුමරු,OTHER
25,වන,OTHER
25,විලියම්ගේ,PERSON
25,හා,OTHER
25,තුන්වන,OTHER
25,චාල්ස්,OTHER
25,රජුගේ,OTHER
25,මාළිගය,OTHER
25,විසින්,OTHER
25,ගෙන,OTHER
25,ඇති,OTHER
25,බව,OTHER
25,පෙනෙන්නට,OTHER
25,තිබේ.,OTHER
26,කෙසේ,OTHER
26,වෙතත්,OTHER
26,මේ,OTHER
26,අතර,OTHER
26,ITV,OTHER
26,සමග,OTHER
26,සිදුකළ,OTHER
26,සම්මුඛ,OTHER
26,සාකච්ඡාවක,OTHER
26,පුර්ව,OTHER
26,ප්‍රචාරක,OTHER
26,පටයක,OTHER
26,දර්ශන,OTHER
26,"වල,",OTHER
26,මැයි,OTHER
26,මාසයේ,OTHER
26,දී,OTHER
26,පැවැත්වෙන,OTHER
26,රජුගේ,OTHER
26,රාජාභිෂේකයට,OTHER
26,සහභාගීවීමට,OTHER
26,පොරොන්දුවීම,OTHER
26,හැරී,PERSON
26,ප්‍රතික්ෂේප,OTHER
26,කර,OTHER
26,ඇති,OTHER
26,බව,OTHER
26,දක්නට,OTHER
26,ලැබුණි.,OTHER
27,"""අදත්,",OTHER
27,ඒ,OTHER
27,දවස,OTHER
27,අතරත්,OTHER
27,බොහෝ,OTHER
27,දේවල්,OTHER
27,සිද්ධ,OTHER
27,වෙන්න,OTHER
27,පුළුවන්,OTHER
27,"""",OTHER
27,පවසන,OTHER
27,"ඔහු,",OTHER
27,"""බෝලය",OTHER
27,තියෙන්නේ,OTHER
27,[රාජකීය,OTHER
27,පවුලේ],OTHER
27,"පිටියේ""",OTHER
27,යි,OTHER
27,එහිදී,OTHER
27,පවසයි.,OTHER
28,Netflixහි,ORGANIZATION
28,හැරී,PERSON
28,සහ,OTHER
28,මේගන්:,OTHER
28,'මම,OTHER
28,මගේ,OTHER
28,බිරිඳ,OTHER
28,එක්ක,OTHER
28,එකතුවෙන්න,OTHER
28,හැමදේම,OTHER
28,කැප,OTHER
28,කළා',OTHER
29,'ඒක,OTHER
29,කැත,OTHER
29,"සෙල්ලමක්,'",OTHER
29,හැරී,PERSON
29,කුමරු,OTHER
29,නව,OTHER
29,Netflix,ORGANIZATION
29,පූර්ව,OTHER
29,ප්‍රචාරක,OTHER
29,පටයේ,OTHER
29,පවසයි,OTHER
30,හැරීගේ,PERSON
30,මතක,OTHER
30,සටහන්,OTHER
30,සහිත,OTHER
30,මෙම,OTHER
30,ග්‍රන්ථය,OTHER
30,මීළඟ,OTHER
30,අඟහරුවාදා,DATE
30,(ජන.,OTHER
30,10),OTHER
30,තෙක්,OTHER
30,ප්‍රකාශයට,OTHER
30,පත්වීමට,OTHER
30,නියමිත,OTHER
30,අතර,OTHER
30,කෘතිය,OTHER
30,නිකුත්,OTHER
30,වීමට,OTHER
30,පෙර,OTHER
30,පැවතී,OTHER
30,දැඩි,OTHER
30,ආරක්ෂක,OTHER
30,ක්‍රියාමාර්ග,OTHER
30,මධ්‍යයේ,OTHER
30,පවා,OTHER
30,තමන්,OTHER
30,පිටපතක්,OTHER
30,එය,OTHER
30,ලබාගැනීමට,OTHER
30,සමත්වූබව,OTHER
30,ගාඩියන්,OTHER
30,පුවත්පත,OTHER
30,පවසයි.,OTHER
31,හැරීගේ,PERSON
31,මතක,OTHER
31,සටහන්,OTHER
31,සහිත,OTHER
31,මෙම,OTHER
31,ග්‍රන්ථය,OTHER
31,මීළඟ,OTHER
31,අඟහරුවාදා,DATE
31,(ජන.,OTHER
31,10),OTHER
31,තෙක්,OTHER
31,ප්‍රකාශයට,OTHER
31,පත්වීමට,OTHER
31,නියමිත,OTHER
31,අතර,OTHER
31,කෘතිය,OTHER
31,නිකුත්,OTHER
31,වීමට,OTHER
31,පෙර,OTHER
31,පැවතී,OTHER
31,දැඩි,OTHER
31,ආරක්ෂක,OTHER
31,ක්‍රියාමාර්ග,OTHER
31,මධ්‍යයේ,OTHER
31,පවා,OTHER
31,තමන්,OTHER
31,පිටපතක්,OTHER
31,එය,OTHER
31,ලබාගැනීමට,OTHER
31,සමත්වූබව,OTHER
31,ගාඩියන්,OTHER
31,පුවත්පත,OTHER
31,පවසයි.,OTHER
32,BBC,OTHER
32,ප්‍රවෘත්ති,OTHER
32,සේවය,OTHER
32,තවමත්,OTHER
32,'ස්පෙයා',OTHER
32,කෘතියේ,OTHER
32,පිටපතක්,OTHER
32,දැක,OTHER
32,නැත.,OTHER
33,කෙසේ,OTHER
33,"වෙතත්,",OTHER
33,මෙම,OTHER
33,ග්‍රන්ථය,OTHER
33,එහි,OTHER
33,අපේක්ෂිත,OTHER
33,ප්‍රකාශන,OTHER
33,දිනයට,OTHER
33,දින,OTHER
33,පහකට,OTHER
33,පෙර,OTHER
33,පෙර,OTHER
33,ස්පාඤ්ඤයේ,LOCATION
33,විකිණීමට,OTHER
33,තිබුණි,OTHER
33,-,OTHER
33,එය,OTHER
33,'එන්,OTHER
33,ලා,OTHER
33,"සොම්බ්‍රා',",OTHER
33,එනම්,OTHER
33,"""සෙවණැලි",OTHER
33,"අතර""",OTHER
33,ලෙස,OTHER
33,පරිවර්තනයට,OTHER
33,ලක්ව,OTHER
33,තිබුණි.,OTHER
34,එක්සත්,OTHER
34,රාජධානියේ,OTHER
34,පොත්,OTHER
34,සාප්පු,OTHER
34,පවසා,OTHER
34,"සිටින්නේ,",OTHER
34,මෙම,OTHER
34,ස්වයංචරිතාපදානය,OTHER
34,නිසි,OTHER
34,දිනට,OTHER
34,කලින්,OTHER
34,ප්‍රකාශයට,OTHER
34,පත්,OTHER
34,නොකරන,OTHER
34,බවට,OTHER
34,සැලකිලිමත්වන්නැ'යි,OTHER
34,දැඩි,OTHER
34,නීති,OTHER
34,පැනවී,OTHER
34,ඇති,OTHER
34,බවකි.,OTHER
35,ගාඩියන්,OTHER
35,පුවත්පතට,OTHER
35,"අනුව,",OTHER
35,2019,OTHER
35,වසරේදී,OTHER
35,විලියම්,PERSON
35,හැරීගේ,PERSON
35,ලන්ඩන්,LOCATION
35,නිවසේ,OTHER
35,දී,OTHER
35,හැරීට,PERSON
35,පැවසූ,OTHER
35,ඇතැම්,OTHER
35,කරුණු,OTHER
35,හේතූවෙන්,OTHER
35,මෙම,OTHER
35,ආරවුල,OTHER
35,ඇතිවී,OTHER
35,තිබෙන,OTHER
35,බව,OTHER
35,කියවේ.,OTHER
36,තමා,OTHER
36,හා,OTHER
36,මෙගන්,OTHER
36,මාක්ල්ගේ,OTHER
36,විවාහය,OTHER
36,තම,OTHER
36,සොයුරා,OTHER
36,විවේචනය,OTHER
36,"කළබවත්,",OTHER
36,විලියම්,PERSON
36,ඇය,OTHER
36,"""[ආශ්‍රය",OTHER
36,කිරීමට],OTHER
36,"දුෂ්කර"",",OTHER
36,"""අවිනීත"",",OTHER
36,හා,OTHER
36,"""රළු""",OTHER
36,තැනැත්තියක,OTHER
36,ලෙස,OTHER
36,හැඳින්වූබවත්,OTHER
36,හැරී,OTHER
36,මෙම,OTHER
36,කෘතියේ,OTHER
36,ලියා,OTHER
36,තිබෙන,OTHER
36,බව,OTHER
36,පුවත්පත,OTHER
36,පවසයි.,OTHER
37,මෙම,OTHER
37,ආරවුල,OTHER
37,උත්සන්නවීමත්,OTHER
37,"සමග,",OTHER
37,ඔහුගේ,OTHER
37,සහෝදරයා,OTHER
37,"""පුවත්පත්වල",OTHER
37,පළ,OTHER
37,කෙරෙන,OTHER
37,විස්තරයන්,OTHER
37,ගිරවෙකු,OTHER
37,මෙන්,OTHER
37,කියවන්නට,OTHER
37,"පටත්ගත්බව""",OTHER
37,ඔහු,OTHER
37,ලියා,OTHER
37,ඇතැ,OTHER
37,යි,OTHER
37,වාර්තා,OTHER
37,වේ.,OTHER
37,ඉන්පසුව,OTHER
37,ඔහුට,OTHER
37,සිදුවූ,OTHER
37,කායික,OTHER
37,පහරදීමක්,OTHER
37,ඇතුළු,OTHER
37,අනෙකුත්,OTHER
37,සිදුවීම්,OTHER
37,මෙහි,OTHER
37,හැරී,OTHER
37,විස්තර,OTHER
37,කරන,OTHER
37,බව,OTHER
37,පැවසෙයි.,OTHER
38,"""ඔහු",OTHER
38,වතුර,OTHER
38,[වීදුරුව],OTHER
38,"තබා,",OTHER
38,මට,OTHER
38,[අවිනීත],OTHER
38,නමකින්,OTHER
38,"අඬගැහුවා,",OTHER
38,මම,OTHER
38,හිටිය,OTHER
38,තැනට,OTHER
38,[පහරදෙන්නට],OTHER
38,ආවා.,OTHER
38,ඒක,OTHER
38,ඉතා,OTHER
38,ඉක්මනින්,OTHER
38,සිද්ධ,OTHER
38,වුණා.,OTHER
38,හරිම,OTHER
38,"ඉක්මණින්.""",OTHER
39,"""ඔහු",OTHER
39,මගේ,OTHER
39,කමිස,OTHER
39,කොලරයෙන්,OTHER
39,"අල්ලගෙන,",OTHER
39,මාගේ,OTHER
39,බෙල්ලේ,OTHER
39,පළඳනාව,OTHER
39,ඉරා,OTHER
39,"දමලා,",OTHER
39,මට,OTHER
39,බිම,OTHER
39,වැටෙන,OTHER
39,විදියට,OTHER
39,"පහරදුන්නා.""",OTHER
40,"""මම",OTHER
40,බල්ලන්ගේ,OTHER
40,කෑම,OTHER
40,පිගන්,OTHER
40,උඩට,OTHER
40,"වැටුණා,",OTHER
40,මගේ,OTHER
40,ඇඟට,OTHER
40,යටවෙච්ච,OTHER
40,කෑම,OTHER
40,පිගන්,OTHER
40,"බිඳීලා,",OTHER
40,ඒකේ,OTHER
40,කෑලි,OTHER
40,වලින්,OTHER
40,මට,OTHER
40,තුවාල,OTHER
40,වුණා.,OTHER
40,මම,OTHER
40,මොකක්,OTHER
40,ද,OTHER
40,උනේ,OTHER
40,කියලා,OTHER
40,තේරුම්,OTHER
40,ගන්න,OTHER
40,එහෙමම,OTHER
40,හිටියා.,OTHER
40,ඊටපස්සේ,OTHER
40,"නැගිටලා,",OTHER
40,ගෙදරින්,OTHER
40,එළියට,OTHER
40,බහින්න,OTHER
40,කියලා,OTHER
40,එයාට,OTHER
40,"කිව්වා.""",OTHER
41,විලියම්,PERSON
41,පිටවගිය,OTHER
41,"නමුත්,",OTHER
41,"""පසුතැවිලි",OTHER
41,වන,OTHER
41,"පෙනුමකින්""",OTHER
41,ආපිට,OTHER
41,පැමිණ,OTHER
41,"""සමාව",OTHER
41,ඇයද,OTHER
41,"""",OTHER
41,සිටි,OTHER
41,බව,OTHER
41,හැරී,PERSON
41,එහි,OTHER
41,ලියා,OTHER
41,තිබූ,OTHER
41,බව,OTHER
41,ගාඩියන්,OTHER
41,පුවත්පත,OTHER
41,පවසයි.,OTHER
42,විලියම්,PERSON
42,නැවත,OTHER
42,පිටවයද්දී,OTHER
42,"""ආපසු",OTHER
42,හැරීලා,OTHER
42,බළලා,OTHER
42,මෙහෙම,OTHER
42,කිව්වා:,OTHER
42,'මේක,OTHER
42,මෙග්ට,OTHER
42,කියන්න,OTHER
42,ඕනේ,OTHER
42,නෑ,OTHER
42,"""යි",OTHER
42,හැරී,PERSON
42,ලියා,OTHER
42,ඇති,OTHER
42,බවද,OTHER
42,එහි,OTHER
42,කියවේ.,OTHER
43,"""'ඔයා",OTHER
43,කියන්නේ,OTHER
43,ඔයා,OTHER
43,මට,OTHER
43,ගහපු,OTHER
43,එක,OTHER
43,ද?',OTHER
44,"""'මම",OTHER
44,ඔයාට,OTHER
44,ගැහුවේ,OTHER
44,"නෑ,",OTHER
44,"හැරල්ඩ්,""",OTHER
44,විලියම්,PERSON
44,එසේ,OTHER
44,පිළිතුරු,OTHER
44,දුන්බව,OTHER
44,ද,OTHER
44,එහි,OTHER
44,සඳහන්,OTHER
44,කොට,OTHER
44,තිබේ.,OTHER
45,හැරීගේ,PERSON
45,නාමය,OTHER
45,'හැරල්ඩ්',OTHER
45,යන,OTHER
45,නම,OTHER
45,කෙටිකර,OTHER
45,සෑදුවක්,OTHER
45,නොවුණත්,OTHER
45,-,OTHER
45,ඔහුගේ,OTHER
45,සැබෑ,OTHER
45,සම්පූර්ණ,OTHER
45,නම,OTHER
45,හෙන්රි,OTHER
45,චාල්ස්,OTHER
45,ඇල්බර්ට්,OTHER
45,ඩේවිඩ්,OTHER
45,ය.,OTHER
46,2019,OTHER
46,සැප්තැම්බර්,OTHER
46,තරම්,OTHER
46,මෑතක,OTHER
46,දී,OTHER
46,ඉන්වික්ටස්,OTHER
46,ගේම්ස්,OTHER
46,වැනි,OTHER
46,ඉසව්වල,OTHER
46,දී,OTHER
46,සහ,OTHER
46,මෙගන්,PERSON
46,සමග,OTHER
46,විදේශ,OTHER
46,සංචාරවල,OTHER
46,යෙදෙද්දී,OTHER
46,හැරී,PERSON
46,නිතර,OTHER
46,අඳුරු,OTHER
46,පැහැ,OTHER
46,ගෙල,OTHER
46,පළඳනාවක්,OTHER
46,පැළඳ,OTHER
46,සිටිබව,OTHER
46,ඡායාරූපවලින්,OTHER
46,පෙනෙයි.,OTHER
47,මේ,OTHER
47,හෙළිදරව්,OTHER
47,කිරීම්,OTHER
47,මඟින්,OTHER
47,රාජාණ්ඩුව,OTHER
47,කේන්ද්‍රයේ,OTHER
47,ඇතිව,OTHER
47,"තිබෙන,",OTHER
47,සංහිඳියාවේ,OTHER
47,කිසිදු,OTHER
47,සලකුණක්,OTHER
47,නැති,OTHER
47,පවුල්,OTHER
47,ගැටුමක,OTHER
47,අඳුරු,OTHER
47,හැඟීමක්,OTHER
47,ඇති,OTHER
47,කර,OTHER
47,තිබේ.,OTHER
48,මෙය,OTHER
48,සංහිඳියාවට,OTHER
48,වඩා,OTHER
48,දරුණු,OTHER
48,දික්කසාදයක්,OTHER
48,ඇති,OTHER
48,කළ,OTHER
48,හැකි,OTHER
48,භූමියකි.,OTHER
49,මෙම,OTHER
49,මතක,OTHER
49,සටහනේම,OTHER
49,වෙනත්,OTHER
49,තැනක,OTHER
49,"දී,",OTHER
49,2005,OTHER
49,වසරේ,OTHER
49,විකට,OTHER
49,ඇඳුම්,OTHER
49,සාදයකට,OTHER
49,පෙර,OTHER
49,ඔහුගේ,OTHER
49,සොහොයුරා,OTHER
49,නාසි,OTHER
49,ඇඳුමකින්,OTHER
49,සැරසී,OTHER
49,සිටිනු,OTHER
49,දුටු,OTHER
49,විලියම්,PERSON
49,"""කොක්",OTHER
49,හඬලා,OTHER
49,"සිනාසුනු""",OTHER
49,වග,OTHER
49,සඳහන්බව,OTHER
49,නිව්,OTHER
49,යෝර්ක්,OTHER
49,පෝස්ට්,OTHER
49,වාර්තා,OTHER
49,කොට,OTHER
49,තිබේ.,OTHER
50,හැරී,PERSON
50,එම,OTHER
50,ඇඳුමෙන්,OTHER
50,සැරසී,OTHER
50,සිටින,OTHER
50,පින්තූරයක්,OTHER
50,එක්සත්,OTHER
50,රාජධානියේ,OTHER
50,පුවත්පත්වල,OTHER
50,ප්‍රකාශයට,OTHER
50,පත්කරන,OTHER
50,විට,OTHER
50,ඔහුගේ,OTHER
50,වයස,OTHER
50,අවුරුදු,OTHER
50,20කි.,OTHER
51,නිව්,OTHER
51,යෝර්ක්,OTHER
51,පෝස්ට්,OTHER
51,වාර්තා,OTHER
51,කරන,OTHER
51,"පරිදි,",OTHER
51,හැරී,PERSON
51,විලියම්ගෙන්,PERSON
51,සහ,OTHER
51,ඔහුගේ,OTHER
51,අනාගත,OTHER
51,බිරිඳ,OTHER
51,"කැතරින්ගෙන්,",OTHER
51,ඔහු,OTHER
51,එම,OTHER
51,ඇඳුම,OTHER
51,ඇඳිය,OTHER
51,යුතු,OTHER
51,"ද,",OTHER
51,නැතහොත්,OTHER
51,ගුවන්,OTHER
51,නියමුවෙකු,OTHER
51,ලෙස,OTHER
51,සැරසිය,OTHER
51,යුතුදැ,OTHER
51,යි,OTHER
51,විමසා,OTHER
51,ඇති,OTHER
51,"අතර,",OTHER
51,යුවළ,OTHER
51,සිනාසෙමින්,OTHER
51,නාසි,OTHER
51,නිල,OTHER
51,ඇඳුම,OTHER
51,අඳින්නැ',OTHER
51,යි,OTHER
51,පවසා,OTHER
51,තිබේ.,OTHER
52,හැරීගේ,PERSON
52,කෘතිය,OTHER
52,පිළිබඳ,OTHER
52,වාර්තාව,OTHER
52,ලියූ,OTHER
52,ගාඩියන්හි,ORGANIZATION
52,එක්සත්,OTHER
52,ජනපද,OTHER
52,වෙබ්,OTHER
52,අඩවියේ,OTHER
52,මාධ්‍යවේදියෙකු,OTHER
52,වන,OTHER
52,මාටින්,OTHER
52,පෙන්ගෙලි,OTHER
52,"පවසන්නේ,",OTHER
52,කෙසේ,OTHER
52,වෙතත්,OTHER
52,තමා,OTHER
52,විලියම්ගේ,PERSON
52,සන්නිවේදන,OTHER
52,කණ්ඩායමෙන්,OTHER
52,මේ,OTHER
52,සම්බන්ධයෙන්,OTHER
52,කිසිදු,OTHER
52,විමසීමක්,OTHER
52,නොකළ,OTHER
52,බවයි.,OTHER
53,තම,OTHER
53,ලිපිය,OTHER
53,"""හැරී",OTHER
53,විසින්,OTHER
53,"ලියැවුණු,",OTHER
53,ඔහුගේ,OTHER
53,ග්‍රන්ථය,OTHER
53,පිළිබඳ,OTHER
53,වාර්තාවක්,OTHER
53,-,OTHER
53,එය,OTHER
53,හැරීගේ,PERSON
53,ප්‍රකාශයක්,OTHER
53,"""",OTHER
53,බව,OTHER
53,එම,OTHER
53,වාර්තාකරු,OTHER
53,පවසා,OTHER
53,තිබේ.,OTHER
54,පෙන්ගෙලි,PERSON
54,BBC,OTHER
54,රේඩියෝ,OTHER
54,5,OTHER
54,සජීව,OTHER
54,විකාශයේ,OTHER
54,සම්බන්ධ,OTHER
54,වෙමින්,OTHER
54,කියා,OTHER
54,සිටියේ,OTHER
54,"""අපි",OTHER
54,එය,OTHER
54,වාර්තා,OTHER
54,කිරීමේ,OTHER
54,දී,OTHER
54,"ප්‍රවේශමෙන්,",OTHER
54,"පැහැදිලිවම,",OTHER
54,එය,OTHER
54,'සටනක්',OTHER
54,ලෙස,OTHER
54,වාර්තා,OTHER
54,කිරීමෙන්,OTHER
54,වැළකුණා.,OTHER
54,මොකද,OTHER
54,මේ,OTHER
54,සම්බන්ධයෙන්,OTHER
54,තමා,OTHER
54,ආපිට,OTHER
54,සටන්,OTHER
54,කළේ,OTHER
54,නැතිබව,OTHER
54,හැරී,PERSON
54,කියන,OTHER
54,"නිසා.""",OTHER
55,පෙන්ගුයින්,OTHER
55,රැන්ඩම්,OTHER
55,හවුස්හි,OTHER
55,ප්‍රකාශකයින්,OTHER
55,මෙම,OTHER
55,කෘතියෙන්,OTHER
55,'ලීක්වූ',OTHER
55,උපුටන,OTHER
55,සත්‍යදැ,OTHER
55,යි,OTHER
55,තවමත්,OTHER
55,තහවුරුකර,OTHER
55,නැති,OTHER
55,"නමුත්,",OTHER
55,මෑතක,OTHER
55,"දී,",OTHER
55,තම,OTHER
55,සොයුරා,OTHER
55,සමග,OTHER
55,ඇතිව,OTHER
55,තිබු,OTHER
55,අයහපත්,OTHER
55,සබඳතාව,OTHER
55,ගැන,OTHER
55,හැරී,PERSON
55,අදහස්,OTHER
55,දක්වා,OTHER
55,තිබේ.,OTHER
56,තම,OTHER
56,මතක,OTHER
56,සටහනේ,OTHER
56,දී,OTHER
56,විලියම්,PERSON
56,තම,OTHER
56,"""ආදරණීය",OTHER
56,සහෝදරයා,OTHER
56,සහ,OTHER
56,පරම,OTHER
56,"සතුරා""",OTHER
56,ලෙස,OTHER
56,හඳුන්වන,OTHER
56,"වග,",OTHER
56,හැරී,PERSON
56,ගුඩ්,OTHER
56,මෝනිං,OTHER
56,ඇමරිකා,OTHER
56,සමග,OTHER
56,පැවැති,OTHER
56,සම්මුඛ,OTHER
56,සාකච්ඡාවක,OTHER
56,දී,OTHER
56,පැවසීය.,OTHER
57,එම,OTHER
57,සම්මුඛ,OTHER
57,සාකච්ඡාවේ,OTHER
57,දී,OTHER
57,හැරී,PERSON
57,කියා,OTHER
57,සිටියේ,OTHER
57,ඔවුන්,OTHER
57,දෙදෙනා,OTHER
57,අතර,OTHER
57,"""සැමවිටම",OTHER
57,මෙම,OTHER
57,"තරගය""",OTHER
57,"පැවතිබවත්,",OTHER
57,එය,OTHER
57,තම,OTHER
57,පොතේ,OTHER
57,මාතෘකාවට,OTHER
57,පදනම,OTHER
57,වූ,OTHER
57,"""උරුමකාරයා/අමතරයා""",OTHER
57,(heir/spare),OTHER
57,යන,OTHER
57,ඝට්ටනයට,OTHER
57,හේතුවූබවත්,OTHER
57,ය.,OTHER
58,"""උරුමක්කාරයා",OTHER
58,සහ,OTHER
58,"අමතරයා""",OTHER
58,යන,OTHER
58,සංකල්පය,OTHER
58,රාජකීය,OTHER
58,කවයන්,OTHER
58,තුළ,OTHER
58,සියවස්,OTHER
58,ගණනාවකට,OTHER
58,පෙර,OTHER
58,සිට,OTHER
58,පැවත,OTHER
58,එන,OTHER
58,"අතර,",OTHER
58,රාජකීය,OTHER
58,පරපුරේ,OTHER
58,අඛණ්ඩ,OTHER
58,පැවැත්මට,OTHER
58,පිළිබඳඑය,OTHER
58,සඳහනකි:,OTHER
58,පළමු,OTHER
58,පුත්‍රයා,OTHER
58,සහ,OTHER
58,උරුමකරුවා,OTHER
58,යනු,OTHER
58,සිංහාසනය,OTHER
58,උරුමකර,OTHER
58,ගන්නා,OTHER
58,තැනැත්තා,OTHER
58,වන,OTHER
58,"අතර,",OTHER
58,දෙවන,OTHER
58,පුත්‍රයා,OTHER
58,පළමුවැන්නාට,OTHER
58,යමක්,OTHER
58,සිදුවුවහොත්,OTHER
58,[යොදාගත,OTHER
58,හැකි],OTHER
58,අමතරයෙකි.,OTHER
59,හැරී,PERSON
59,සහ,OTHER
59,මෙගන්ගේ,PERSON
59,'නෙට්ෆ්ලික්ස්',OTHER
59,වාර්තා,OTHER
59,චිත්‍රපටයේ,OTHER
59,"දී,",OTHER
59,හැරී,PERSON
59,තම,OTHER
59,සහෝදරයා,OTHER
59,සහ,OTHER
59,පියා,OTHER
59,(වත්මන්,OTHER
59,රජු),OTHER
59,සහ,OTHER
59,ඔහුගේ,OTHER
59,මිත්තණිය,OTHER
59,වූ,OTHER
59,දිවංගත,OTHER
59,රැජින,OTHER
59,සමග,OTHER
59,තමන්,OTHER
59,සහභාගීවූ,OTHER
59,රැස්වීමක්,OTHER
59,විස්තර,OTHER
59,කර,OTHER
59,තිබුණි.,OTHER
60,2020,OTHER
60,වසරේ,OTHER
60,මුල්භාගයේ,OTHER
60,පැවති,OTHER
60,එම,OTHER
60,හමුව,OTHER
60,විස්තර,OTHER
60,කරමින්,OTHER
60,ඔහු,OTHER
60,කියා,OTHER
60,සිටියේ,OTHER
60,"""මගේ",OTHER
60,සහෝදරයා,OTHER
60,මට,OTHER
60,කෑගහන,OTHER
60,"එකත්,",OTHER
60,මගේ,OTHER
60,පියා,OTHER
60,නිරන්තරයෙන්,OTHER
60,බොරු,OTHER
60,කියන,OTHER
60,කියන,OTHER
60,එකත්,OTHER
60,",",OTHER
60,අත්තම්මා,OTHER
60,නිහඬව,OTHER
60,එහි,OTHER
60,වාඩිවී,OTHER
60,ඒ,OTHER
60,සියල්ල,OTHER
60,නිහඬව,OTHER
60,බලා,OTHER
60,ඉදීමත්,OTHER
60,හරිම,OTHER
60,"භයානකයි"".",OTHER
61,2021,OTHER
61,අප්‍රේල්,OTHER
61,මාසයේ,OTHER
61,"දී,",OTHER
61,ඔහුගේ,OTHER
61,සීයා,OTHER
61,වන,OTHER
61,පිලිප්,PERSON
61,කුමරුගේ,OTHER
61,අවමංගල,OTHER
61,උත්සවයෙන්,OTHER
61,පසු,OTHER
61,එවකට,OTHER
61,වේල්ස්,ORGANIZATION
61,කුමරු,OTHER
61,සහ,OTHER
61,විලියම්,PERSON
61,සමග,OTHER
61,පැවති,OTHER
61,හමුවක්,OTHER
61,ගැන,OTHER
61,ද,OTHER
61,මෙහිදී,OTHER
61,හැරී,PERSON
61,විස්තර,OTHER
61,කරන,OTHER
61,වග,OTHER
61,ගාඩියන්,ORGANIZATION
61,සඳහන්,OTHER
61,කරයි.,OTHER
62,මෙම,OTHER
62,'ලීක්,OTHER
62,එක',OTHER
62,නිවැරදි,OTHER
62,"නම්,",OTHER
62,ඇතැම්,OTHER
62,විට,OTHER
62,එහි,OTHER
62,වඩාත්ම,OTHER
62,සිත්,OTHER
62,ඇදගන්නා,OTHER
62,රූපය,OTHER
62,"වනුයේ,",OTHER
62,මේ,OTHER
62,දෙසොයුරන්,OTHER
62,අතරට,OTHER
62,මැදිවූ,OTHER
62,චාල්ස්,PERSON
62,රජු,OTHER
62,තම,OTHER
62,ජීවිතය,OTHER
62,"""කාලකන්නි""",OTHER
62,නොකරන,OTHER
62,ලෙස,OTHER
62,සටන්,OTHER
62,වදින,OTHER
62,පුතුන්ගෙන්,OTHER
62,ඉල්ලා,OTHER
62,සිටීම,OTHER
62,යි.,OTHER
63,මතක,OTHER
63,සටහන්,OTHER
63,කෘති,OTHER
63,රචකයෙකු,OTHER
63,වන,OTHER
63,ජේ.,OTHER
63,ආර්.,OTHER
63,මෝරින්ගර්,OTHER
63,විසින්,OTHER
63,හැරී,PERSON
63,වෙනුවෙන්,OTHER
63,රචනා,OTHER
63,කරන,OTHER
63,"ලද,",OTHER
63,ඩොලර්,OTHER
63,මිලියන,OTHER
63,ගණනක,OTHER
63,පොත්,OTHER
63,ගනුදෙනුවක,OTHER
63,කොටසක්,OTHER
63,වන,OTHER
63,"ස්පෙයා,",OTHER
63,එහි,OTHER
63,අන්තර්ගතය,OTHER
63,පිළිබඳ,OTHER
63,තොරතුරු,OTHER
63,කුඩා,OTHER
63,ප්‍රමාණයක්,OTHER
63,පමණක්,OTHER
63,ප්‍රසිද්ධ,OTHER
63,වූ,OTHER
63,අතිශය,OTHER
63,රහසිගත,OTHER
63,එකක්,OTHER
63,බව',OTHER
63,මීට,OTHER
63,පෙර,OTHER
63,විශ්වාස,OTHER
63,කෙරිණි.,OTHER
64,පෙන්ගුයින්,OTHER
64,රැන්ඩම්,OTHER
64,හවුස්,OTHER
64,ප්‍රකාශයයෙකු,OTHER
64,ඔක්තෝම්බර්,DATE
64,මාසයේ,OTHER
64,දී,OTHER
64,පුර්ව,OTHER
64,ප්‍රචාරකදී,OTHER
64,කියා,OTHER
64,සිටියේ,OTHER
64,"""හැරීට,",OTHER
64,අවසානයේ,OTHER
64,මේ,OTHER
64,ඔහුගේ,OTHER
64,කතාව,OTHER
64,"යි,""",OTHER
64,යනුවෙන්,OTHER
64,කිව,OTHER
64,හැකි,OTHER
64,බවයි.,OTHER
65,සසෙක්ස්,LOCATION
65,ආදිපාද,OTHER
65,යුවළගේ,OTHER
65,ආච්වෙල්,OTHER
65,සමාගම,OTHER
65,තවමත්,OTHER
65,ග්‍රන්ථය,OTHER
65,පිළිබඳ,OTHER
65,ඉදිරිපත්ව,OTHER
65,ඇති,OTHER
65,මෙම,OTHER
65,ප්‍රවෘත්තින්,OTHER
65,සඳහා,OTHER
65,අදහස්,OTHER
65,දක්වා,OTHER
65,නැත.,OTHER
66,කෘතිය,OTHER
66,නිකුත්,OTHER
66,කිරීමට,OTHER
66,පළමුව,OTHER
66,",",OTHER
66,ජනවාරි,OTHER
66,8,OTHER
66,වන,OTHER
66,දා,OTHER
66,විකාශයවීමට,OTHER
66,නියමිත,OTHER
66,සම්මුඛ,OTHER
66,සාකච්ඡාවක,OTHER
66,පුර්ව,OTHER
66,ප්‍රචාරක,OTHER
66,විඩියෝවක,OTHER
66,දී,OTHER
66,හැරී,PERSON
66,මෙසේ,OTHER
66,පවසා,OTHER
66,තිබේ:,OTHER
66,"""මම",OTHER
66,මගේ,OTHER
66,තාත්තා,OTHER
66,නැවත,OTHER
66,[මා,OTHER
66,වෙත],OTHER
66,ලබාගන්න,OTHER
66,"කැමතියි,",OTHER
66,මම,OTHER
66,මගේ,OTHER
66,සහෝදරයා,OTHER
66,නැවත,OTHER
66,ලබාගන්න,OTHER
66,"කැමතියි"".",OTHER
67,කෙසේ,OTHER
67,"නමුත්,",OTHER
67,"""එයාලා",OTHER
67,කිසිසේත්ම,OTHER
67,සංහිඳියාවට,OTHER
67,කැමැත්තක්,OTHER
67,නෑ,OTHER
67,"""යනුවෙන්",OTHER
67,හැරී,OTHER
67,ITVහි,OTHER
67,ටොම්,OTHER
67,බ්‍රැඩ්බිට,OTHER
67,පැවසූ,OTHER
67,"නමුත්,",OTHER
67,ඔහු,OTHER
67,සඳහන්,OTHER
67,කරන්නේ,OTHER
67,කවුරුන්,OTHER
67,ගැනදැ,OTHER
67,යි,OTHER
67,නිශ්චිත,OTHER
67,නැත.,OTHER
68,මේ,OTHER
68,සිදුවීම්,OTHER
68,සම්බන්ධයෙන්,OTHER
68,අදහස්,OTHER
68,දැක්වීම,OTHER
68,බකිංහැම්,OTHER
68,මාළිගාව,OTHER
68,විසින්,OTHER
68,ප්‍රතික්ෂේප,OTHER
68,කරන,OTHER
68,ලදී.,OTHER
69,අන්තර්,OTHER
69,විශ්වවිද්‍යාලයීය,OTHER
69,ශිෂ්‍ය,OTHER
69,බල,OTHER
69,මණ්ඩලයේ,OTHER
69,කැඳවුම්කරු,OTHER
69,වසන්ත,OTHER
69,මුදලිගේ,OTHER
69,අද,DATE
69,(ජනවාරි,OTHER
69,05,OTHER
69,වැනිදා),OTHER
69,යළි,OTHER
69,රක්ෂිත,OTHER
69,බන්ධනාගාරගත,OTHER
69,කෙරිණ.,OTHER
70,"ඒ,",OTHER
70,එළඹෙන,OTHER
70,ජනවාරි,OTHER
70,13,OTHER
70,වැනිදා,OTHER
70,දක්වායි.,OTHER
70,බන්ධනාගාර,OTHER
70,නිලධාරීන්,OTHER
70,විසින්,OTHER
70,අද,DATE
70,පෙරවරුවේ,TIME
70,වසන්ත,OTHER
70,මුදලිගේ,OTHER
70,කොළඹ,OTHER
70,කොටුව,OTHER
70,මහේස්ත්‍රාත්,OTHER
70,තිළිණ,OTHER
70,ගමගේ,OTHER
70,හමුවට,OTHER
70,ඉදිරිපත්,OTHER
70,කරන,OTHER
70,ලදි.,OTHER
71,ත්‍රස්තවාදය,OTHER
71,වැළැක්වීමේ,OTHER
71,පනත,OTHER
71,ප්‍රකාරව,OTHER
71,අත්අඩංගුවට,OTHER
71,ගෙන,OTHER
71,රැඳවුම්,OTHER
71,නියෝග,OTHER
71,මත,OTHER
71,රඳවාගෙන,OTHER
71,සිටීමෙන්,OTHER
71,පසු,OTHER
71,වසන්ත,OTHER
71,මුදලිගේ,OTHER
71,රක්ෂිත,OTHER
71,බන්ධනාගාර,OTHER
71,ගත,OTHER
71,කෙරිණි.,OTHER
72,පසුගිය,OTHER
72,වසරේ,OTHER
72,මැයි,DATE
72,මාසයේ,OTHER
72,කොටුව,OTHER
72,බැංකු,OTHER
72,මාවතේ,OTHER
72,පැවති,OTHER
72,උද්ඝෝෂණයකිදී,OTHER
72,රාජකාරියේ,OTHER
72,යෙදී,OTHER
72,සිටි,OTHER
72,පොලිස්,OTHER
72,නිලධාරීන්ගේ,OTHER
72,රාජකාරියට,OTHER
72,බාධා,OTHER
72,කිරීම,OTHER
72,හා,OTHER
72,ඔවුන්ට,OTHER
72,අයුතු,OTHER
72,අවහිරයන්,OTHER
72,කළ,OTHER
72,බවට,OTHER
72,වසන්ත,OTHER
72,මුදලිගේට,OTHER
72,චෝදනා,OTHER
72,එල්ල,OTHER
72,වී,OTHER
72,තිබේ.,OTHER
73,පොලිස්,OTHER
73,මාර්ග,OTHER
73,බාධක,OTHER
73,කඩා,OTHER
73,බිඳ,OTHER
73,දමා,OTHER
73,ඊට,OTHER
73,දැඩි,OTHER
73,අලාභ,OTHER
73,හානි,OTHER
73,කර,OTHER
73,ඇති,OTHER
73,බව,OTHER
73,පොලීසිය,OTHER
73,අධිකරණය,OTHER
73,හමුවේ,OTHER
73,කරුණු,OTHER
73,දක්වන,OTHER
73,ලදි.,OTHER
74,ඒ,OTHER
74,අනුව,OTHER
74,ඔහුට,OTHER
74,ඇප,OTHER
74,ලබා,OTHER
74,දෙන,OTHER
74,ලෙස,OTHER
74,කළ,OTHER
74,ඉල්ලීම,OTHER
74,කොටුව,OTHER
74,මහේස්ත්‍රාත්,OTHER
74,අධිකරණය,OTHER
74,විසින්,OTHER
74,ප්‍රතික්ෂේප,OTHER
74,කරනු,OTHER
74,ලැබීය.,OTHER
75,මේ,OTHER
75,අතර,OTHER
75,පුජ්‍ය,OTHER
75,රත්කරව්වේ,OTHER
75,ජිනරතන,OTHER
75,හිමි,OTHER
75,සහ,OTHER
75,පුජ්‍ය,OTHER
75,ටැම්පිටියේ,OTHER
75,සුගතානන්ද,OTHER
75,හිමි,OTHER
75,වහාම,OTHER
75,අත්අඩංගුවට,OTHER
75,ගෙන,OTHER
75,අධිකරණයට,OTHER
75,ඉදිරිපත්,OTHER
75,කරන,OTHER
75,ලෙස,OTHER
75,ද,OTHER
75,කොටුව,OTHER
75,මහේස්ත්‍රාත්වරයා,OTHER
75,අද,OTHER
75,වරෙන්තු,OTHER
75,නිකුත්,OTHER
75,කළේය.,OTHER
76,"ඒ,",OTHER
76,නඩුවකට,OTHER
76,අදාළව,OTHER
76,අද,OTHER
76,දින,OTHER
76,අධිකරණය,ORGANIZATION
76,හමුවේ,OTHER
76,පෙනී,OTHER
76,නොසිටීම,OTHER
76,හේතුවෙනි.,OTHER
77,පසුගිය,OTHER
77,වසරේ,OTHER
77,ජුනි,OTHER
77,මාසයේ,OTHER
77,කොළඹ,OTHER
77,කොටුවේ,LOCATION
77,පැවති,OTHER
77,උද්ඝෝෂණයකදී,OTHER
77,කළහකාරී,OTHER
77,ලෙස,OTHER
77,හැසිරීම,OTHER
77,ඇතුලු,OTHER
77,චෝදනා,OTHER
77,මත,OTHER
77,එම,OTHER
77,නඩුව,OTHER
77,පවරා,OTHER
77,තිබේ.,OTHER
78,“රටේ,OTHER
78,මිනිස්සුගේ,OTHER
78,ප්‍රශ්න,OTHER
78,කතා,OTHER
78,කරන,OTHER
78,එකට,OTHER
78,කියන්නේ,OTHER
78,ත්‍රස්තවාදය,OTHER
78,නම්,OTHER
78,අපි,OTHER
78,ලෑස්තියි,OTHER
78,තව,OTHER
78,හිරේ,OTHER
78,ඉන්න”,OTHER
79,“රටේ,OTHER
79,මිනිස්සුගේ,OTHER
79,ප්‍රශ්න,OTHER
79,කතා,OTHER
79,කරන,OTHER
79,එකට,OTHER
79,කියන්නේ,OTHER
79,ත්‍රස්තවාදය,OTHER
79,නම්,OTHER
79,අපි,OTHER
79,ලෑස්තියි,OTHER
79,තව,OTHER
79,හිරේ,OTHER
79,ඉන්න”,OTHER
79,යැයි,OTHER
79,අන්තර්,OTHER
79,විශ්වවිද්‍යාලයීය,OTHER
79,ශිෂ්‍ය,OTHER
79,බල,OTHER
79,මණ්ඩලයේ,OTHER
79,කැඳවුම්කාර,OTHER
79,වසන්ත,OTHER
79,මුදලිගේ,OTHER
79,දෙසැම්බර්,OTHER
79,12,OTHER
79,වැනිදා,OTHER
79,ප්‍රකාශ,OTHER
79,කළේය.,OTHER
80,"ඒ,",OTHER
80,ඔහු,OTHER
80,යළි,OTHER
80,රක්ෂිත,OTHER
80,බන්ධනාගාර,OTHER
80,ගත,OTHER
80,කිරීමෙන්,OTHER
80,අනතුරුව,OTHER
80,බන්ධනාගාර,OTHER
80,බස්,OTHER
80,රථයට,OTHER
80,නංවාගෙන,OTHER
80,රැගෙන,OTHER
80,යාමට,OTHER
80,පෙර,OTHER
80,මාධ්‍ය,OTHER
80,වෙත,OTHER
80,අදහස්,OTHER
80,දක්වමිනි.,OTHER
81,ඔහු,OTHER
81,කියා,OTHER
81,සිටියේ,OTHER
81,“තක්කඩි,OTHER
81,ආණ්ඩුව,OTHER
81,ඉස්සරහා,OTHER
81,දණ,OTHER
81,ගහන්නේ,OTHER
81,නැහැ.රටේ,OTHER
81,මිනිස්සුගේ,OTHER
81,ප්‍රශ්න,OTHER
81,කථා,OTHER
81,කරන,OTHER
81,එකට,OTHER
81,කියන්නේ,OTHER
81,ත්‍රස්තවාදය,OTHER
81,නම්,OTHER
81,අපි,OTHER
81,ලෑස්තියි,OTHER
81,තව,OTHER
81,හිරේ,OTHER
81,ඉන්න.,OTHER
81,තක්කඩි,OTHER
81,ආණ්ඩු,OTHER
81,ඉස්සරහා,OTHER
81,අපි,OTHER
81,දණ,OTHER
81,ගහන්නේ,OTHER
81,නැහැ.”,OTHER
81,ඔහු,OTHER
81,අවධාරණය,OTHER
81,කළේය.,OTHER
82,නීතිපතිවරයාගේ,OTHER
82,උපදෙස්,OTHER
82,ලැඛෙන,OTHER
82,"තුරු,",OTHER
82,අන්තර්,OTHER
82,විශ්වවිද්‍යාල,OTHER
82,ශිෂ්‍ය,OTHER
82,බලමණ්ඩලයේ,OTHER
82,කැඳවුම්කාර,OTHER
82,වසන්ත,OTHER
82,මුදලිගේ,OTHER
82,දෙසැම්බර්,OTHER
82,13,OTHER
82,දිනය,OTHER
82,දක්වා,OTHER
82,තවදුරටත්,OTHER
82,රක්ෂිත,OTHER
82,බන්ධනාගාරගත,OTHER
82,කිරීමට,OTHER
82,අධිකරණය,ORGANIZATION
82,නියෝග,OTHER
82,කළේය.,OTHER
83,"ඒ,",OTHER
83,කොළඹ,LOCATION
83,අතිරේක,OTHER
83,මහෙස්ත්‍රාත්වරිය,OTHER
83,හමුවට,OTHER
83,ඉදිරිපත්,OTHER
83,කිරීමෙන්,OTHER
83,අනතුරුවය.,OTHER
84,නීතිපතිවරයා,OTHER
84,පෙර,OTHER
84,නඩු,OTHER
84,දිනයේ,OTHER
84,කළ,OTHER
84,ඉල්ලීමකට,OTHER
84,අනුව,OTHER
84,නඩුව,OTHER
84,කැඳවූ,OTHER
84,අතර,OTHER
84,බන්ධනාගාර,OTHER
84,නිලධාරීන්,OTHER
84,විසින්,OTHER
84,වසන්ත,OTHER
84,මුදලිගේ,OTHER
84,අධිකරණය,ORGANIZATION
84,හමුවට,OTHER
84,ඉදිරිපත්,OTHER
84,කරනු,OTHER
84,ලැබීය.,OTHER
85,ඔහු,OTHER
85,ත්‍රස්තවාදය,OTHER
85,වැළැක්වීමේ,OTHER
85,පනත,OTHER
85,යටතේ,OTHER
85,රක්ෂිත,OTHER
85,බන්ධනාගාර,OTHER
85,ගතකර,OTHER
85,සිටියි.,OTHER
86,ත්‍රස්ත,OTHER
86,විමර්ශන,OTHER
86,කොට්ඨාසය,OTHER
86,පවත්වන,OTHER
86,ලද,OTHER
86,විමර්ශන,OTHER
86,වලින්,OTHER
86,60%,OTHER
86,ක්,OTHER
86,පමණ,OTHER
86,මේවන,OTHER
86,විට,OTHER
86,අවසන්,OTHER
86,කර,OTHER
86,ඇති,OTHER
86,බව,OTHER
86,ජ්‍යෙෂ්ඨ,OTHER
86,අතිරේක,OTHER
86,සොලිසිටර්,OTHER
86,ජනරාල්,OTHER
86,දිලීප,OTHER
86,පීරිස්,OTHER
86,අධිකරණට,ORGANIZATION
86,දැනුම්,OTHER
86,දෙන,OTHER
86,ලදි.,OTHER
87,වසන්ත,OTHER
87,මුදලිගේට,OTHER
87,එරෙහිව,OTHER
87,ත්‍රස්තවාදය,OTHER
87,වැළැක්වීමේ,OTHER
87,පනත,OTHER
87,යටතේ,OTHER
87,ගැණෙන,OTHER
87,වැරදි,OTHER
87,කිසිවක්,OTHER
87,ඉදිරිපත්,OTHER
87,කර,OTHER
87,නොමැති,OTHER
87,බව,OTHER
87,ජනාධිපති,OTHER
87,නීතිඥ,OTHER
87,සාලිය,OTHER
87,පීරිස්,OTHER
87,කියා,OTHER
87,සිටියේය.,OTHER
88,විමර්ශන,OTHER
88,ඕනෑ,OTHER
88,කමින්,OTHER
88,ප්‍රමාද,OTHER
88,කරන,OTHER
88,බවද,OTHER
88,ඔහු,OTHER
88,පෙන්වා,OTHER
88,දෙනු,OTHER
88,ලැබීය.,OTHER
89,මේ,OTHER
89,අතර,OTHER
89,වසන්ත,OTHER
89,මුදලිගේට,OTHER
89,ඇප,OTHER
89,ලබාදීමට,OTHER
89,කැමැත්ත,OTHER
89,පළ,OTHER
89,කිරීමට,OTHER
89,ශ්‍රී,OTHER
89,ලංකා,OTHER
89,නීතිපතිවරයා,OTHER
89,තවදුරටත්,OTHER
89,ප්‍රමාද,OTHER
89,නොකළ,OTHER
89,යුතු,OTHER
89,බව,OTHER
89,ජාත්‍යන්තර,OTHER
89,ක්ෂමා,OTHER
89,සංවිධානය,OTHER
89,අවධාරණය,OTHER
89,කළේය.,OTHER
90,මේ,OTHER
90,අතර,OTHER
90,කුරිරු,OTHER
90,නීතියක්,OTHER
90,වන,OTHER
90,ත්‍රස්තවාදය,OTHER
90,වැළැක්වීමේ,OTHER
90,පනත,OTHER
90,යටතේ,OTHER
90,මුදලිගේට,PERSON
90,එරෙහිව,OTHER
90,ඇති,OTHER
90,සියලුම,OTHER
90,ත්‍රස්ත,OTHER
90,චෝදනා,OTHER
90,වහාම,OTHER
90,ඉවත්,OTHER
90,කළ,OTHER
90,යුතු,OTHER
90,බව,OTHER
90,ක්ෂමා,OTHER
90,සංවිධානය,OTHER
90,අවධාරණය,OTHER
90,කරනු,OTHER
90,ලැබීය.,OTHER
91,උණ,OTHER
91,රෝගී,OTHER
91,තත්ත්වයක්,OTHER
91,හේතුවෙන්,OTHER
91,පූජ්‍ය,OTHER
91,ගල්වැව,OTHER
91,සිරිධම්ම,OTHER
91,හිමියන්,OTHER
91,කොළඹ,OTHER
91,ජාතික,OTHER
91,රෝහලට.,OTHER
92,2023,OTHER
92,වසර,OTHER
92,මැතිවරණ,OTHER
92,වසරක්,OTHER
92,වනු,OTHER
92,ඇතැ,OTHER
92,යි,OTHER
92,යන,OTHER
92,සේයා,OTHER
92,පෙන්නුම්,OTHER
92,"කරමින්,",OTHER
92,පළාත්,OTHER
92,පාලන,OTHER
92,මැතිවරණය,OTHER
92,සඳහා,OTHER
92,නාම,OTHER
92,යෝජනා,OTHER
92,කැඳවීමේ,OTHER
92,දැන්වීම,OTHER
92,ඊයේ,OTHER
92,(ජන.,OTHER
92,04),OTHER
92,නිකුත්,OTHER
92,කෙරිණ.,OTHER
93,පළමුව,OTHER
93,පළාත්,OTHER
93,පාලන,OTHER
93,මැතිවරණය,OTHER
93,පවත්වයි,OTHER
93,"ද,",OTHER
93,නැතහොත්,OTHER
93,ජනාධිපතිවරණයක්,OTHER
93,හෝ,OTHER
93,මහා,OTHER
93,මැතිවරණයක්,OTHER
93,මේ,OTHER
93,වසර,OTHER
93,තුළ,OTHER
93,පවත්වන්නේදැ,OTHER
93,යි,OTHER
93,යන්න,OTHER
93,පිළිබඳ,OTHER
93,දේශපාලන,OTHER
93,පක්ෂ,OTHER
93,අතර,OTHER
93,පැවතියේ,OTHER
93,අවිනිශ්චිත,OTHER
93,බවකි.,OTHER
94,මේ,OTHER
94,අවිනිශ්චිතතාව,OTHER
94,තීව්‍ර,OTHER
94,වූයේ,OTHER
94,පළාත්,OTHER
94,පාලන,OTHER
94,මැතිවරණය,OTHER
94,කල්දැමීමට,OTHER
94,ආණ්ඩුව,OTHER
94,සූදානම්,OTHER
94,වන,OTHER
94,බවට,OTHER
94,විපක්ෂයෙන්,OTHER
94,චෝදනා,OTHER
94,එල්ලවීම,OTHER
94,නිසා,OTHER
94,ය.,OTHER
95,මේ,OTHER
95,අතර,OTHER
95,ඡන්ද,OTHER
95,විමසීම,OTHER
95,කල්දමන,OTHER
95,අතුරු,OTHER
95,තහනම්,OTHER
95,නියෝගයක්,OTHER
95,ඉල්ලා,OTHER
95,විශ්‍රාමික,OTHER
95,හමුදා,OTHER
95,නිලධාරියෙකු,OTHER
95,ද,OTHER
95,ශ්‍රේෂ්ඨාධිකරණයට,OTHER
95,පෙත්සමක්,OTHER
95,ගොනුකර,OTHER
95,තිබේ.,OTHER
96,පළාත්,OTHER
96,පාලන,OTHER
96,ආයතන,OTHER
96,340ක්,OTHER
96,සඳහා,OTHER
96,සභිකයින්,OTHER
96,තෝරයි,OTHER
97,ඉදිරියේ,OTHER
97,දී,OTHER
97,පැවැත්වීමට,OTHER
97,"නියමිත,",OTHER
97,පළාත්,OTHER
97,පාලන,OTHER
97,ආයතන,OTHER
97,340ක්,OTHER
97,සඳහා,OTHER
97,සභිකයින්,OTHER
97,තෝරා,OTHER
97,පත්කර,OTHER
97,ගැනීම,OTHER
97,සඳහා,OTHER
97,වන,OTHER
97,ඡන්ද,OTHER
97,විමසීමට,OTHER
97,නාම,OTHER
97,යෝජනා,OTHER
97,භාර,OTHER
97,ගැනීම,OTHER
97,සඳහා,OTHER
97,වන,OTHER
97,නිවේදනය,OTHER
97,ඊයේ,DATE
97,(ජන.,OTHER
97,04),OTHER
97,ප්‍රසිද්ධ,OTHER
97,කෙරිණ.,OTHER
98,මේ,OTHER
98,යටතේ,OTHER
98,ගාල්ල,OTHER
98,දිස්ත්‍රික්,OTHER
98,ඇල්පිටිය,OTHER
98,ප්‍රාදේශීය,OTHER
98,සභාව,OTHER
98,හැර,OTHER
98,මහ,OTHER
98,නගර,OTHER
98,සභා,OTHER
98,"29ක්,",OTHER
98,නගර,OTHER
98,සභා,OTHER
98,36ක්,OTHER
98,හා,OTHER
98,ප්‍රාදේශීය,OTHER
98,සභා,OTHER
98,275ක්,OTHER
98,සඳහා,OTHER
98,"නගරාධිපති,",OTHER
98,නියෝජ්‍ය,OTHER
98,"නගරාධිපති,",OTHER
98,"සභාපති,",OTHER
98,නියෝජ්‍ය,OTHER
98,සභාපති,OTHER
98,සහ,OTHER
98,සභිකයින්,OTHER
98,තෝරා,OTHER
98,පත්කර,OTHER
98,ගනු,OTHER
98,ඇත.,OTHER
99,ජනවාරි,OTHER
99,04,OTHER
99,සිට,OTHER
99,ජනවාරි,OTHER
99,20,OTHER
99,වැනිදා,OTHER
99,දහවල්,OTHER
99,12,OTHER
99,දක්වා,OTHER
99,ඡන්ද,OTHER
99,විමසීම,OTHER
99,සඳහා,OTHER
99,ඇප,OTHER
99,මුදල්,OTHER
99,තැන්පත්,OTHER
99,භාර,OTHER
99,ගැනෙනු,OTHER
99,ඇත.,OTHER
100,ජනවාරි,OTHER
100,18,OTHER
100,වැනිදා,OTHER
100,සිට,OTHER
100,ජනවාරි,OTHER
100,21,OTHER
100,වැනිදා,OTHER
100,දහවල්,OTHER
100,12,OTHER
100,දක්වා,OTHER
100,ඒ,OTHER
100,ඒ,OTHER
100,දිස්ත්‍රික්,OTHER
100,ලේකම්,OTHER
100,කාර්යාලවල,OTHER
100,දී,OTHER
100,නාමයෝජනා,OTHER
100,භාරගන්නා,OTHER
100,බව,OTHER
100,මැතිවරණ,OTHER
100,කොමසාරිස්,OTHER
100,ජනරාල්වරයා,OTHER
100,නිවේදනය,OTHER
100,කළේය.,OTHER
101,අද,DATE
101,දින,OTHER
101,නාමයෝජනා,OTHER
101,කැඳවීමේ,OTHER
101,දැන්වීම්,OTHER
101,නිකුත්,OTHER
101,කළ,OTHER
101,පළාත්,OTHER
101,පාලන,OTHER
101,අයතන,OTHER
101,340කට,OTHER
101,අදාළ,OTHER
101,ඡන්ද,OTHER
101,විමසීම,OTHER
101,සඳහා,OTHER
101,තැපෑලෙන්,OTHER
101,ඡන්දයදීමට,OTHER
101,සුදුසුකම්,OTHER
101,ලැබුවන්ගේ,OTHER
101,අයදුම්පත්,OTHER
101,බාර,OTHER
101,ගැනීමේ,OTHER
101,කාල,OTHER
101,සීමාව,OTHER
101,අද,DATE
101,(ජන.,OTHER
101,05),OTHER
101,"ඇරඹී,",OTHER
101,ජනවාරි,OTHER
101,23,OTHER
101,මධ්‍යම,OTHER
101,රාත්‍රී,OTHER
101,12ට,OTHER
101,අවසන්වීමට,OTHER
101,නියමිත,OTHER
101,බව,OTHER
101,මැතිවරණ,OTHER
101,කොමිෂන්,OTHER
101,සභාව,OTHER
101,නිවේදනය,OTHER
101,කළේය.,OTHER
102,කොමිෂන්,OTHER
102,සභාව,OTHER
102,සඳහන්,OTHER
102,කළේ,OTHER
102,එම,OTHER
102,දිනය,OTHER
102,නැවත,OTHER
102,කිසිසේත්ම,OTHER
102,දීර්ඝ,OTHER
102,නොකරන,OTHER
102,බව,OTHER
102,ය.,OTHER
103,ඡන්ද,OTHER
103,විමසීමේ,OTHER
103,දී,OTHER
103,අදාළ,OTHER
103,පළාත්,OTHER
103,පාලන,OTHER
103,ආයතන,OTHER
103,බල,OTHER
103,ප්‍රදේශයේ,OTHER
103,ඡන්දහිමියන්,OTHER
103,ලෙස,OTHER
103,ලියා,OTHER
103,පදිංචිව,OTHER
103,සිටින,OTHER
103,හා,OTHER
103,ඡන්ද,OTHER
103,විමසීම්,OTHER
103,රාජකාරි,OTHER
103,සඳහා,OTHER
103,යෙදවීමට,OTHER
103,නියමිත,OTHER
103,සියලුම,OTHER
103,රාජ්‍ය,OTHER
103,"නිලධාරීන්,",OTHER
103,"සේවකයින්,",OTHER
103,"විදුහල්පතිවරුන්,",OTHER
103,ගුරුවරුන්,OTHER
103,එම,OTHER
103,පළාත්වල,OTHER
103,සේවයේ,OTHER
103,නියුතු,OTHER
103,ශ්‍රී,OTHER
103,ලංකා,OTHER
103,ගමනාගමන,OTHER
103,මණ්ඩලය,OTHER
103,"නිලධාරීන්,",OTHER
103,"සේවකයින්,",OTHER
103,තැපැල්,OTHER
103,දෙපාර්තමේන්තුවේ,OTHER
103,නිලධාරීන්,OTHER
103,හා,OTHER
103,"සේවකයින්,",OTHER
103,දුම්රිය,OTHER
103,සේවා,OTHER
103,පවත්වා,OTHER
103,ගෙන,OTHER
103,යාම,OTHER
103,පිණිස,OTHER
103,අවශ්‍ය,OTHER
103,වන,OTHER
103,දුම්රිය,OTHER
103,දෙපාර්තමේන්තුවේ,OTHER
103,සියලුම,OTHER
103,නිලධාරීන්,OTHER
103,සහ,OTHER
103,සේවකයින්,OTHER
103,හා,OTHER
103,දිවයිනේ,OTHER
103,සියලුම,OTHER
103,ප්‍රදේශවල,OTHER
103,ආරක්ෂක,OTHER
103,කටයුතුවල,OTHER
103,නිරත,OTHER
103,වන,OTHER
103,ත්‍රිවිධ,OTHER
103,"හමුදාවේ,",OTHER
103,පොලිස්,OTHER
103,දෙපාර්තමේන්තුවේ,OTHER
103,සහ,OTHER
103,සක්‍රීය,OTHER
103,ආරක්ෂක,OTHER
103,සේවයේ,OTHER
103,යොදවා,OTHER
103,ඇති,OTHER
103,සිවිල්,OTHER
103,ආරක්ෂක,OTHER
103,බලකා,OTHER
103,සාමාජික,OTHER
103,"සාමාජිකාවන්,",OTHER
103,තමාට,OTHER
103,වෙන්,OTHER
103,කරන,OTHER
103,ලද,OTHER
103,ඡන්ද,OTHER
103,පොළේ,OTHER
103,දී,OTHER
103,පෞද්ගලිකව,OTHER
103,ඡන්දයදීමට,OTHER
103,නොහැකි,OTHER
103,නම්,OTHER
103,හෝ,OTHER
103,එසේ,OTHER
103,වීමට,OTHER
103,ඉඩ,OTHER
103,ඇති,OTHER
103,නම්,OTHER
103,තැපෑලෙන්,OTHER
103,ඡන්දයදීම,OTHER
103,සඳහා,OTHER
103,ඉල්ලුම්,OTHER
103,කිරීමට,OTHER
103,සුදුසුකම්,OTHER
103,ලබයි.,OTHER
104,මැතිවරණ,OTHER
104,කොමිෂන්,OTHER
104,සභාව,OTHER
104,දැනුම්,OTHER
104,දී,OTHER
104,සිටින්නේ,OTHER
104,තැපෑලෙන්,OTHER
104,ඡන්දය,OTHER
104,දීම,OTHER
104,සඳහා,OTHER
104,ඉල්ලුම්පත්,OTHER
104,ඉදිරිපත්,OTHER
104,කිරීමේ,OTHER
104,කාලසීමාව,OTHER
104,අවසන්,OTHER
104,වන,OTHER
104,තෙක්,OTHER
104,නොසිට,OTHER
104,නොපමාව,OTHER
104,ස්වකීය,OTHER
104,ඉල්ලුම්,OTHER
104,පත,OTHER
104,ඉදිරිපත්,OTHER
104,කරන,OTHER
104,ලෙස,OTHER
104,ය.,OTHER
105,මෙම,OTHER
105,ඡන්ද,OTHER
105,විමසීමේ,OTHER
105,දී,OTHER
105,තැපෑලෙන්,OTHER
105,ඡන්දය,OTHER
105,දීම,OTHER
105,පිණිස,OTHER
105,ඉල්ලුම්,OTHER
105,පත්‍ර,OTHER
105,ඉදිරිපත්,OTHER
105,කිරීමේ,OTHER
105,දී,OTHER
105,ඒ,OTHER
105,සඳහා,OTHER
105,වූ,OTHER
105,තොරතුරු,OTHER
105,2022,DATE
105,පළාත්,OTHER
105,පාලන,OTHER
105,ඡන්ද,OTHER
105,හිමි,OTHER
105,නාමලේඛණයේ,OTHER
105,නිවැරදිව,OTHER
105,ලබාගත,OTHER
105,යුතු,OTHER
105,බව,OTHER
105,ද,OTHER
105,මැතිවරණ,OTHER
105,කොමසාරිස්,OTHER
105,ජනරාල්වරයා,OTHER
105,අවධාරණය,OTHER
105,කළේ,OTHER
105,ය.,OTHER
106,අදාළ,OTHER
106,අයදුම්පත්,OTHER
106,ජනවාරි,OTHER
106,23,OTHER
106,දින,OTHER
106,හෝ,OTHER
106,එදිනට,DATE
106,පෙර,OTHER
106,අදාළ,OTHER
106,දිස්ත්‍රික්,OTHER
106,මැතිවරණ,OTHER
106,කාර්යාලවලට,OTHER
106,ලැබෙන,OTHER
106,සේ,OTHER
106,යැවිය,OTHER
106,යුතු,OTHER
106,"අතර,",OTHER
106,එම,OTHER
106,දිනය,OTHER
106,නැවත,OTHER
106,දීර්ඝ,OTHER
106,නොකරන,OTHER
106,"බවත්,",OTHER
106,නියමිත,OTHER
106,දින,OTHER
106,හෝ,OTHER
106,ඊට,OTHER
106,පසුව,OTHER
106,ලැබෙන,OTHER
106,අයදුම්පත්,OTHER
106,හා,OTHER
106,අසම්පූර්ණ,OTHER
106,අයදුම්පත්,OTHER
106,ප්‍රතික්ෂේප,OTHER
106,කිරීමට,OTHER
106,සිදුවන,OTHER
106,බවත්,OTHER
106,මැතිවරණ,OTHER
106,කොමිෂන්,OTHER
106,සභාව,OTHER
106,නිවේදනය,OTHER
106,කළේ,OTHER
106,ය.,OTHER
107,ඉදිරි,OTHER
107,පළාත්,OTHER
107,පාලන,OTHER
107,මැතිවරණය,OTHER
107,පැවැත්වීම,OTHER
107,සඳහා,OTHER
107,කරනු,OTHER
107,ලබන,OTHER
107,සංවිධාන,OTHER
107,කටයුතු,OTHER
107,බලරහිත,OTHER
107,කරන,OTHER
107,රීට්,OTHER
107,ආඥාවක්,OTHER
107,නිකුත්,OTHER
107,කරන,OTHER
107,ලෙස,OTHER
107,ඉල්ලා,OTHER
107,විශ්‍රාමික,OTHER
107,යුද,OTHER
107,හමුදා,OTHER
107,කර්නල්වරයෙකු,OTHER
107,වන,OTHER
107,ඩබ්ලිව්.,OTHER
107,එම්.,OTHER
107,ආර්.,OTHER
107,විජේසුන්දර,OTHER
107,ශ්‍රේෂ්ඨාධිකරණයට,OTHER
107,පෙත්සමක්,OTHER
107,ගොනුකර,OTHER
107,තිබේ.,OTHER
108,පෙත්සමේ,OTHER
108,වගඋත්තරකරුවන්,OTHER
108,වන්නේ,OTHER
108,මැතිවරණ,OTHER
108,කොමිෂන්,OTHER
108,සභාවේ,OTHER
108,සභාපතිවරයා,OTHER
108,ඇතුළු,OTHER
108,"සාමාජිකයින්,",OTHER
108,මුදල්,OTHER
108,අමාත්‍යංශ,OTHER
108,"ලේකම්,",OTHER
108,"අග්‍රාමාත්‍යවරයා,",OTHER
108,කැබිනට්,OTHER
108,මණ්ඩලයේ,OTHER
108,ලේකම්වරයා,OTHER
108,සහ,OTHER
108,නීතිපතිවරයා,OTHER
108,ය.,OTHER
109,පෙත්සම්කරු,OTHER
109,පෙන්වා,OTHER
109,දී,OTHER
109,ඇත්තේ,OTHER
109,පළාත්,OTHER
109,පාලන,OTHER
109,මැතිවරණය,OTHER
109,සඳහා,OTHER
109,අවම,OTHER
109,වශයෙන්,OTHER
109,රුපියල්,OTHER
109,බිලියන,OTHER
109,10ක්,OTHER
109,වැයවන,OTHER
109,බව,OTHER
109,යි.,OTHER
110,රජයට,OTHER
110,ලැබෙන,OTHER
110,ආදායම,OTHER
110,මත,OTHER
110,සහ,OTHER
110,ණය,OTHER
110,ලබා,OTHER
110,ගැනීමේ,OTHER
110,පදනම,OTHER
110,මත,OTHER
110,එම,OTHER
110,මුදල,OTHER
110,ලබා,OTHER
110,ගැනීමේ,OTHER
110,හැකියාව,OTHER
110,රඳා,OTHER
110,පවතින,OTHER
110,බව,OTHER
110,මැතිවරණ,OTHER
110,කොමිෂන්,OTHER
110,සභාව,OTHER
110,තමන්ට,OTHER
110,ලිඛිතව,OTHER
110,දන්වා,OTHER
110,ඇතැ,OTHER
110,යි,OTHER
110,පෙත්සම්කරු,OTHER
110,ශ්‍රේෂ්ඨාධිකරණයට,OTHER
110,පෙන්වා,OTHER
110,දී,OTHER
110,ඇත.,OTHER
111,රටේ,OTHER
111,ආදායම්,OTHER
111,තත්ත්වය,OTHER
111,සීඝ්‍රයෙන්,OTHER
111,පහළ,OTHER
111,බැස,OTHER
111,ඇති,OTHER
111,මේ,OTHER
111,මොහොතේ,OTHER
111,පළාත්,OTHER
111,පාලන,OTHER
111,මැතිවරණක්,OTHER
111,පැවැත්වීමෙන්,OTHER
111,රටට,OTHER
111,හෝ,OTHER
111,මහජනතාවට,OTHER
111,ඇතිවන,OTHER
111,සුගතිය,OTHER
111,කුමක්දැ,OTHER
111,යි,OTHER
111,පෙත්සම්කරු,OTHER
111,විමසා,OTHER
111,සිටියි.,OTHER
112,මේ,OTHER
112,වන,OTHER
112,විට,OTHER
112,පළාත්,OTHER
112,සභාවලට,OTHER
112,පත්ව,OTHER
112,සිටින,OTHER
112,8711ක්,OTHER
112,දෙනා,OTHER
112,රටේ,OTHER
112,රටේ,OTHER
112,ආර්ථිකයට,OTHER
112,බරක්,OTHER
112,වී,OTHER
112,ඇති,OTHER
112,මොහොතේ,OTHER
112,පළාත්,OTHER
112,පාලන,OTHER
112,මැතිරණ,OTHER
112,සභිකයින්,OTHER
112,සංඛ්‍යාව,OTHER
112,තුනෙන්,OTHER
112,එක,OTHER
112,දක්වා,OTHER
112,අඩු,OTHER
112,කළ,OTHER
112,යුතු,OTHER
112,බවට,OTHER
112,සාකච්ඡා,OTHER
112,කෙරමින්,OTHER
112,ඇති,OTHER
112,බවත්,OTHER
112,පෙත්සම්කරු,OTHER
112,පෙන්වා,OTHER
112,දී,OTHER
112,තිබේ.,OTHER
113,ද්වී,OTHER
113,පාර්ශවික,OTHER
113,හා,OTHER
113,බහු,OTHER
113,පර්ශවික,OTHER
113,ණය,OTHER
113,ගැනීමේ,OTHER
113,නොහැකියාව,OTHER
113,මත,OTHER
113,මුදල්,OTHER
113,මුද්‍රණය,OTHER
113,කිරීමට,OTHER
113,"සිදුවුවහොත්,",OTHER
113,ඊට,OTHER
113,සාපේක්ෂව,OTHER
113,උද්ධමනය,OTHER
113,ඉහළ,OTHER
113,යා,OTHER
113,හැකි,OTHER
113,"බවත්,",OTHER
113,මැතිවරණ,OTHER
113,වියදම්,OTHER
113,දැරීමට,OTHER
113,සිදුවීම,OTHER
113,හේතුවෙන්,OTHER
113,සිදුවන,OTHER
113,ආර්ථිකයේ,OTHER
113,කඩාවැටීම,OTHER
113,මත,OTHER
113,නැවතත්,OTHER
113,"විදුලිය,",OTHER
113,"ඉන්ධන,",OTHER
113,ගෑස්,OTHER
113,හිඟයක්,OTHER
113,මතුවිය,OTHER
113,හැකි,OTHER
113,"බවත්,",OTHER
113,විදුලිය,OTHER
113,කප්පාදුව,OTHER
113,දීර්ඝවීමෙන්,OTHER
113,බරපතල,OTHER
113,අර්බුද,OTHER
113,ගණනාවනට,OTHER
113,මුහුණදීමට,OTHER
113,සිදුවනු,OTHER
113,ඇතිබවත්,OTHER
113,පෙත්සම්කරු,OTHER
113,පෙන්වා,OTHER
113,දී,OTHER
113,ඇත.,OTHER
114,ඒ,OTHER
114,අනුව,OTHER
114,සිය,OTHER
114,පෙත්සම,OTHER
114,විභාගයට,OTHER
114,ගෙන,OTHER
114,අවසන්,OTHER
114,තීන්දුවක්,OTHER
114,ලබාදෙනතුරු,OTHER
114,හෝ,OTHER
114,අධිකරණයට,ORGANIZATION
114,මැනවියැ,OTHER
114,යි,OTHER
114,හැඟෙන,OTHER
114,කාලයක්,OTHER
114,ඡන්ද,OTHER
114,කටයුතු,OTHER
114,වළක්වන,OTHER
114,අතුරු,OTHER
114,නියෝගයක්,OTHER
114,නිකුක්,OTHER
114,කරන,OTHER
114,ලෙස,OTHER
114,පෙත්සම්කරු,OTHER
114,ශ්‍රේෂ්ඨාධිකරණයෙන්,OTHER
114,ඉල්ලා,OTHER
114,තිබේ.,OTHER
115,මේ,OTHER
115,සිද්ධිය,OTHER
115,පිළිබඳ,OTHER
115,අදහස්,OTHER
115,දක්වමින්,OTHER
115,ශ්‍රී,OTHER
115,ලංකා,OTHER
115,පොදුජන,OTHER
115,පෙරමුණු,OTHER
115,පාර්ලිමේන්තු,LOCATION
115,මන්ත්‍රී,OTHER
115,එස්.,OTHER
115,එම්.,OTHER
115,චන්ද්‍රසේන,OTHER
115,ඊයේ,DATE
115,ප්‍රකාශ,OTHER
115,කළේ,OTHER
115,පෙත්සමේ,OTHER
115,තීන්දුව,OTHER
115,කුමක්වේදැ,OTHER
115,යි,OTHER
115,නොදන්නා,OTHER
115,බව,OTHER
115,යි.,OTHER
116,"""ඒ",OTHER
116,තීන්දුව,OTHER
116,කුමක්,OTHER
116,වෙයි,OTHER
116,ද,OTHER
116,අපි,OTHER
116,දන්නේ,OTHER
116,නැහැ.,OTHER
116,ඒ,OTHER
116,කෙසේ,OTHER
116,"වෙතත්,",OTHER
116,පක්ෂයක්,OTHER
116,ලෙස,OTHER
116,ශ්‍රී,OTHER
116,ලංකා,OTHER
116,ලංකා,OTHER
116,පොදුජන,OTHER
116,පෙරමුණ,OTHER
116,විපක්ෂයේ,OTHER
116,ඔය,OTHER
116,කෑ,OTHER
116,ගසන,OTHER
116,පක්ෂවලටත්,OTHER
116,කලින්,OTHER
116,නෙලුම්,OTHER
116,මාවත,OTHER
116,අපේ,OTHER
116,පක්ෂ,OTHER
116,මූලස්ථානය,OTHER
116,මැතිවරණයට,OTHER
116,අදාළ,OTHER
116,කටයුතුවල,OTHER
116,යෙදී,OTHER
116,සිටිනවා.,OTHER
116,දිස්ත්‍රික්ක,OTHER
116,කිහිපයක,OTHER
116,මැතිවරණ,OTHER
116,මෙහෙයුම්,OTHER
116,කටයුතු,OTHER
116,මා,OTHER
116,හට,OTHER
116,පවරා,OTHER
116,තිබෙනවා.,OTHER
116,එවැනි,OTHER
116,සූදානමකින්,OTHER
116,අපි,OTHER
116,කටයුතු,OTHER
116,කරමින්,OTHER
116,ඉන්නේ.,OTHER
116,ඡන්දය,OTHER
116,මඟහැරීමේ,OTHER
116,සූදානමක්,OTHER
116,පක්ෂය,OTHER
116,තුළ,OTHER
116,නැහැ.,OTHER
116,ඡන්දය,OTHER
116,කල්දාලා,OTHER
116,පුරුදු,OTHER
116,අය,OTHER
116,මේ,OTHER
116,පිළිබඳව,OTHER
116,ප්‍රශ්නයක්,OTHER
116,ඇති,OTHER
116,කරගෙන,OTHER
116,ඉන්නෙ.”,OTHER
